{"USDBZD": 1.979834, "USDCDF": 1138.999738, "USDKWD": 0.304496, "USDBGN": 1.847197, "USDLSL": 13.910031, "USDTZS": 2173.999867, "USDDKK": 7.032411, "USDMMK": 1314.000215, "USDBDT": 79.169998, "USDFJD": 2.093495, "USDTJS": 7.876198, "USDXOF": 617.719971, "USDSAR": 3.750595, "USDBAM": 1.8517, "USDUYI": 29.02, "USDGYD": 204.850006, "USDPKR": 104.750112, "USDMVR": 15.102175, "USDXDR": 0.73977, "USDHRK": 7.086102, "USDUAH": 25.629999, "USDBTC": 0.001364, "USDJMD": 128.949997, "USDCHW": 0.92, "USDXAF": 619.640015, "USDSOS": 517.000099, "USDVEF": 9.975012, "USDRON": 4.2613, "USDSHP": 0.806597, "USDVND": 22700, "USDXAU": 0.000841, "USDPHP": 49.749988, "USDWST": 2.584798, "USDDJF": 177.850006, "USDMKD": 57.839889, "USDKHR": 4000.000298, "USDETB": 22.250099, "USDBYR": 20020, "USDEGP": 17.450001, "USDBSD": 1, "USDMDL": 20.180284, "USDZMW": 9.860457, "USDNZD": 1.415697, "USDIQD": 1160, "USDMAD": 10.088971, "USDQAR": 3.641198, "USDXPT": 0.0010871, "USDHUF": 293.929993, "USDKMF": 464.000186, "USDGHS": 4.098027, "USDLRD": 91.00005, "USDCUP": 0.999915, "USDARS": 15.540249, "USDSCR": 13.296977, "USDJEP": 0.805958, "USDBND": 1.427304, "USDCRC": 546.820007, "USDHNL": 22.99973, "USDGIP": 0.806597, "USDBOV": 6.94, "USDSTD": 23184, "USDSZL": 13.869749, "USDSSP": 6.48, "USDMNT": 2453.00014, "USDUSN": 1.0, "USDDOP": 46.080002, "USDIDR": 13520, "USDZAR": 13.751499, "USDSVC": 8.722205, "USDMYR": 4.459749, "USDMUR": 35.950001, "USDCZK": 25.573898, "USDLYD": 1.425984, "USDBYN": 1.96, "USDBMD": 1, "USDVUV": 107.440002, "USDBIF": 1668.800049, "USDAUD": 1.338197, "USDBOB": 6.870248, "USDISK": 112.089996, "USDGEL": 2.497799, "USDSYP": 515.000285, "USDSEK": 9.22989, "USDMWK": 713.77002, "USDPYG": 5795.000042, "USDHTG": 66.360001, "USDJPY": 112.412003, "USDALL": 127.849998, "USDMOP": 7.988295, "USDCLF": 0.02543, "USDTTD": 6.703468, "USDUGX": 3620.000401, "USDNGN": 314.999376, "USDGTQ": 7.514501, "USDNAD": 13.860179, "USDPAB": 1, "USDMTL": 0.405682, "USDRSD": 115.428802, "USDBBD": 2, "USDTWD": 31.739024, "USDKYD": 0.82028, "USDUZS": 3175.000099, "USDBTN": 68.449997, "USDCAD": 1.34056, "USDKES": 101.779999, "USDSLL": 5545.000149, "USDGBP": 0.80598, "USDCVE": 103.999845, "USDTND": 2.306497, "USDAOA": 165.074005, "USDLBP": 1506.999887, "USDUYU": 29.020139, "USDNPR": 109.239998, "USDANG": 1.770436, "USDCOP": 3138.899902, "USDCNY": 6.905202, "USDGNF": 9104.999655, "USDKGS": 69.126999, "USDERN": 15.295518, "USDKPW": 900.000237, "USDZMK": 5156.098106, "USDUSD": 1.0, "USDOMR": 0.3849, "USDSBD": 7.9943, "USDSDG": 6.4805, "USDXPD": 0.00132162, "USDEEK": 14.786007, "USDLKR": 148.350006, "USDTHB": 35.560001, "USDCLP": 675.549988, "USDIRR": 32095.000297, "USDTMT": 3.4, "USDMXN": 20.590599, "USDZWL": 322.355011, "USDAZN": 1.719099, "USDTOP": 2.271798, "USDNIO": 29.195499, "USDEUR": 0.945097, "USDCHF": 1.01528, "USDDZD": 110.480003, "USDGMD": 42.299999, "USDBRL": 3.389302, "USDNOK": 8.57226, "USDMGA": 3316.000137, "USDXAG": 0.060332, "USDTRY": 3.420304, "USDKZT": 340.450012, "USDLAK": 8155.000138, "USDLVL": 0.620549, "USDRWF": 808.369995, "USDILS": 3.842599, "USDINR": 68.564003, "USDPGK": 3.170605, "USDMRO": 353.999942, "USDIMP": 0.805958, "USDCUC": 1, "USDJOD": 0.7078, "USDBHD": 0.376902, "USDYER": 249.949997, "USDRUB": 64.772499, "USDSRD": 7.229834, "USDCHE": 0.95, "USDPLN": 4.184704, "USDFKP": 0.806396, "USDAWG": 1.79, "USDAFN": 66.599998, "USDXCD": 2.701981, "USDPEN": 3.415497, "USDSGD": 1.426219, "USDBWP": 10.7246, "USDMZN": 74.769997, "USDAMD": 479.220001, "USDLTL": 3.048698, "USDAED": 3.6726, "USDXPF": 112.150002, "USDHKD": 7.754801, "USDKRW": 1170.199951, "USDUSS": 1.0, "USDGGP": 0.805958}