{"USDCOP": 3138.899902, "USDMAD": 10.088971, "USDSYP": 515.000285, "USDGMD": 42.299999, "USDRSD": 115.428802, "USDVEF": 9.975012, "USDTHB": 35.560001, "USDSVC": 8.722205, "USDHUF": 293.929993, "USDMNT": 2453.00014, "USDBTC": 0.001364, "USDBRL": 3.389302, "USDDJF": 177.850006, "USDTRY": 3.420304, "USDBHD": 0.376902, "USDNPR": 109.239998, "USDKRW": 1170.199951, "USDLKR": 148.350006, "USDBND": 1.427304, "USDBTN": 68.449997, "USDWST": 2.584798, "USDBWP": 10.7246, "USDBMD": 1, "USDSBD": 7.9943, "USDVND": 22700, "USDOMR": 0.3849, "USDAMD": 479.220001, "USDHRK": 7.086102, "USDSOS": 517.000099, "USDSCR": 13.296977, "USDTND": 2.306497, "USDJEP": 0.805958, "USDFKP": 0.806396, "USDSEK": 9.22989, "USDMXN": 20.590599, "USDNZD": 1.415697, "USDMUR": 35.950001, "USDXPF": 112.150002, "USDMWK": 713.77002, "USDKMF": 464.000186, "USDFJD": 2.093495, "USDQAR": 3.641198, "USDTWD": 31.739024, "USDSDG": 6.4805, "USDGIP": 0.806597, "USDNOK": 8.57226, "USDNIO": 29.195499, "USDKYD": 0.82028, "USDPYG": 5795.000042, "USDGBP": 0.80598, "USDCUP": 0.999915, "USDBSD": 1, "USDVUV": 107.440002, "USDZWL": 322.355011, "USDALL": 127.849998, "USDCHF": 1.01528, "USDMZN": 74.769997, "USDLBP": 1506.999887, "USDEEK": 14.786007, "USDIMP": 0.805958, "USDGEL": 2.497799, "USDIQD": 1160, "USDTTD": 6.703468, "USDILS": 3.842599, "USDAOA": 165.074005, "USDLAK": 8155.000138, "USDMTL": 0.405682, "USDRON": 4.2613, "USDXAF": 619.640015, "USDPAB": 1, "USDBIF": 1668.800049, "USDXAU": 0.000841, "USDBYN": 1.96, "USDXAG": 0.060332, "USDXDR": 0.73977, "USDAWG": 1.79, "USDPKR": 104.750112, "USDTJS": 7.876198, "USDBDT": 79.169998, "USDMMK": 1314.000215, "USDJPY": 112.412003, "USDBGN": 1.847197, "USDNGN": 314.999376, "USDBZD": 1.979834, "USDCNY": 6.905202, "USDMVR": 15.102175, "USDCRC": 546.820007, "USDKES": 101.779999, "USDETB": 22.250099, "USDXCD": 2.701981, "USDMOP": 7.988295, "USDGYD": 204.850006, "USDZAR": 13.751499, "USDZMK": 5156.098106, "USDDKK": 7.032411, "USDTMT": 3.4, "USDMRO": 353.999942, "USDTZS": 2173.999867, "USDCLP": 675.549988, "USDHKD": 7.754801, "USDDZD": 110.480003, "USDKGS": 69.126999, "USDSHP": 0.806597, "USDRUB": 64.772499, "USDXOF": 617.719971, "USDSTD": 23184, "USDBOB": 6.870248, "USDAUD": 1.338197, "USDBBD": 2, "USDCAD": 1.34056, "USDCLF": 0.02543, "USDSGD": 1.426219, "USDHTG": 66.360001, "USDRWF": 808.369995, "USDSRD": 7.229834, "USDPGK": 3.170605, "USDSZL": 13.869749, "USDUGX": 3620.000401, "USDCVE": 103.999845, "USDLRD": 91.00005, "USDAFN": 66.599998, "USDAED": 3.6726, "USDPHP": 49.749988, "USDUSD": 1, "USDGNF": 9104.999655, "USDCDF": 1138.999738, "USDXPD": 0.00132162, "USDKWD": 0.304496, "USDCZK": 25.573898, "USDXPT": 0.0010871, "USDEGP": 17.450001, "USDLSL": 13.910031, "USDZMW": 9.860457, "USDMYR": 4.459749, "USDUZS": 3175.000099, "USDSLL": 5545.000149, "USDHNL": 22.99973, "USDUAH": 25.629999, "USDLYD": 1.425984, "USDKPW": 900.000237, "USDGHS": 4.098027, "USDNAD": 13.860179, "USDKHR": 4000.000298, "USDMGA": 3316.000137, "USDISK": 112.089996, "USDLVL": 0.620549, "USDGGP": 0.805958, "USDBAM": 1.8517, "USDPLN": 4.184704, "USDMKD": 57.839889, "USDGTQ": 7.514501, "USDTOP": 2.271798, "USDAZN": 1.719099, "USDKZT": 340.450012, "USDARS": 15.540249, "USDINR": 68.564003, "USDUYU": 29.020139, "USDANG": 1.770436, "USDMDL": 20.180284, "USDYER": 249.949997, "USDIRR": 32095.000297, "USDEUR": 0.945097, "USDLTL": 3.048698, "USDPEN": 3.415497, "USDBYR": 20020, "USDDOP": 46.080002, "USDIDR": 13520, "USDERN": 15.295518, "USDCUC": 1, "USDJMD": 128.949997, "USDSAR": 3.750595, "USDJOD": 0.7078}